/********************* ROLES *********************/
INSERT INTO role (id, type) VALUES
  (1, 'ROLE_USER'),
  (2, 'ROLE_ADMIN');

/********************* USERS *********************/
INSERT INTO user (id, first_name, last_name, username, password) VALUES
  (1, 'Admin', 'User', 'admin', '$2a$10$cWKS3hAtYe5.DUK5/omw6OdBc/SeH85HDC.RPvwxeKiQwA36TASnq'),
  (2, 'Darcee', 'Byrom', 'dbyrom0', '$2a$10$cWKS3hAtYe5.DUK5/omw6OdBc/SeH85HDC.RPvwxeKiQwA36TASnq'),
  (3, 'Gustave', 'Cornfield', 'gcornfield1', '$2a$10$cWKS3hAtYe5.DUK5/omw6OdBc/SeH85HDC.RPvwxeKiQwA36TASnq'),
  (4, 'Goober', 'Rehor', 'grehor2', '$2a$10$cWKS3hAtYe5.DUK5/omw6OdBc/SeH85HDC.RPvwxeKiQwA36TASnq'),
  (5, 'Avictor', 'Bourdas', 'abourdas3', '$2a$10$cWKS3hAtYe5.DUK5/omw6OdBc/SeH85HDC.RPvwxeKiQwA36TASnq'),
  (6, 'Shelia', 'Willson', 'swillson4', '$2a$10$cWKS3hAtYe5.DUK5/omw6OdBc/SeH85HDC.RPvwxeKiQwA36TASnq'),
  (7, 'Zarla', 'Bartlomiej', 'zbartlomiej5', '$2a$10$cWKS3hAtYe5.DUK5/omw6OdBc/SeH85HDC.RPvwxeKiQwA36TASnq'),
  (8, 'Boony', 'Hertwell', 'bhertwell6', '$2a$10$cWKS3hAtYe5.DUK5/omw6OdBc/SeH85HDC.RPvwxeKiQwA36TASnq'),
  (9, 'Katrina', 'Brandle', 'kbrandle7', '$2a$10$cWKS3hAtYe5.DUK5/omw6OdBc/SeH85HDC.RPvwxeKiQwA36TASnq'),
  (10, 'Deane', 'Caswill', 'dcaswill8', '$2a$10$cWKS3hAtYe5.DUK5/omw6OdBc/SeH85HDC.RPvwxeKiQwA36TASnq'),
  (11, 'Englebert', 'Rimington', 'erimington9', '$2a$10$cWKS3hAtYe5.DUK5/omw6OdBc/SeH85HDC.RPvwxeKiQwA36TASnq'),
  (12, 'Ingrid', 'Albisser', 'ialbissera', '$2a$10$cWKS3hAtYe5.DUK5/omw6OdBc/SeH85HDC.RPvwxeKiQwA36TASnq'),
  (13, 'Kyle', 'Ockwell', 'kockwellb', '$2a$10$cWKS3hAtYe5.DUK5/omw6OdBc/SeH85HDC.RPvwxeKiQwA36TASnq'),
  (14, 'Fernandina', 'Rickeard', 'frickeardc', '$2a$10$cWKS3hAtYe5.DUK5/omw6OdBc/SeH85HDC.RPvwxeKiQwA36TASnq'),
  (15, 'Rosanne', 'Learmonth', 'rlearmonthd', '$2a$10$cWKS3hAtYe5.DUK5/omw6OdBc/SeH85HDC.RPvwxeKiQwA36TASnq'),
  (16, 'Bethena', 'Blague', 'bblaguee', '$2a$10$cWKS3hAtYe5.DUK5/omw6OdBc/SeH85HDC.RPvwxeKiQwA36TASnq'),
  (17, 'Auberta', 'Bottby', 'abottbyf', '$2a$10$cWKS3hAtYe5.DUK5/omw6OdBc/SeH85HDC.RPvwxeKiQwA36TASnq'),
  (18, 'Anastasia', 'Carrabot', 'acarrabotg', '$2a$10$cWKS3hAtYe5.DUK5/omw6OdBc/SeH85HDC.RPvwxeKiQwA36TASnq'),
  (19, 'Winnie', 'Hathway', 'whathwayh', '$2a$10$cWKS3hAtYe5.DUK5/omw6OdBc/SeH85HDC.RPvwxeKiQwA36TASnq'),
  (20, 'Guinevere', 'Jerred', 'gjerredi', '$2a$10$cWKS3hAtYe5.DUK5/omw6OdBc/SeH85HDC.RPvwxeKiQwA36TASnq'),
  (21, 'Eugenie', 'Lindenblatt', 'elindenblattj', '$2a$10$cWKS3hAtYe5.DUK5/omw6OdBc/SeH85HDC.RPvwxeKiQwA36TASnq'),
  (22, 'Anissa', 'Smallman', 'asmallmank', '$2a$10$cWKS3hAtYe5.DUK5/omw6OdBc/SeH85HDC.RPvwxeKiQwA36TASnq'),
  (23, 'Feodora', 'Tooley', 'ftooleyl', '$2a$10$cWKS3hAtYe5.DUK5/omw6OdBc/SeH85HDC.RPvwxeKiQwA36TASnq'),
  (24, 'Nichol', 'Shalcros', 'nshalcrosm', '$2a$10$cWKS3hAtYe5.DUK5/omw6OdBc/SeH85HDC.RPvwxeKiQwA36TASnq'),
  (25, 'Rona', 'Pavlasek', 'rpavlasekn', '$2a$10$cWKS3hAtYe5.DUK5/omw6OdBc/SeH85HDC.RPvwxeKiQwA36TASnq'),
  (26, 'Binky', 'Kleingrub', 'bkleingrubo', '$2a$10$cWKS3hAtYe5.DUK5/omw6OdBc/SeH85HDC.RPvwxeKiQwA36TASnq'),
  (27, 'Karoly', 'Collimore', 'kcollimorep', '$2a$10$cWKS3hAtYe5.DUK5/omw6OdBc/SeH85HDC.RPvwxeKiQwA36TASnq'),
  (28, 'Loreen', 'Bulfield', 'lbulfieldq', '$2a$10$cWKS3hAtYe5.DUK5/omw6OdBc/SeH85HDC.RPvwxeKiQwA36TASnq'),
  (29, 'Laurel', 'Cristofaro', 'lcristofaror', '$2a$10$cWKS3hAtYe5.DUK5/omw6OdBc/SeH85HDC.RPvwxeKiQwA36TASnq'),
  (30, 'Ewen', 'Lawman', 'elawmans', '$2a$10$cWKS3hAtYe5.DUK5/omw6OdBc/SeH85HDC.RPvwxeKiQwA36TASnq'),
  (31, 'Bendix', 'Ashfield', 'bashfieldt', '$2a$10$cWKS3hAtYe5.DUK5/omw6OdBc/SeH85HDC.RPvwxeKiQwA36TASnq'),
  (32, 'Deeanne', 'Eltune', 'deltuneu', '$2a$10$cWKS3hAtYe5.DUK5/omw6OdBc/SeH85HDC.RPvwxeKiQwA36TASnq'),
  (33, 'Laurie', 'McCalister', 'lmccalisterv', '$2a$10$cWKS3hAtYe5.DUK5/omw6OdBc/SeH85HDC.RPvwxeKiQwA36TASnq'),
  (34, 'Frannie', 'Nanninini', 'fnannininiw', '$2a$10$cWKS3hAtYe5.DUK5/omw6OdBc/SeH85HDC.RPvwxeKiQwA36TASnq'),
  (35, 'Laraine', 'Hagwood', 'lhagwoodx', '$2a$10$cWKS3hAtYe5.DUK5/omw6OdBc/SeH85HDC.RPvwxeKiQwA36TASnq'),
  (36, 'Welby', 'Ivanishin', 'wivanishiny', '$2a$10$cWKS3hAtYe5.DUK5/omw6OdBc/SeH85HDC.RPvwxeKiQwA36TASnq'),
  (37, 'Karlen', 'Witchell', 'kwitchellz', '$2a$10$cWKS3hAtYe5.DUK5/omw6OdBc/SeH85HDC.RPvwxeKiQwA36TASnq'),
  (38, 'Doloritas', 'Ramsbotham', 'dramsbotham10', '$2a$10$cWKS3hAtYe5.DUK5/omw6OdBc/SeH85HDC.RPvwxeKiQwA36TASnq'),
  (39, 'Yoshi', 'Finden', 'yfinden11', '$2a$10$cWKS3hAtYe5.DUK5/omw6OdBc/SeH85HDC.RPvwxeKiQwA36TASnq'),
  (40, 'Ed', 'Cruft', 'ecruft12', '$2a$10$cWKS3hAtYe5.DUK5/omw6OdBc/SeH85HDC.RPvwxeKiQwA36TASnq'),
  (41, 'Almeda', 'Shipman', 'ashipman13', '$2a$10$cWKS3hAtYe5.DUK5/omw6OdBc/SeH85HDC.RPvwxeKiQwA36TASnq'),
  (42, 'Wylie', 'Gaize', 'wgaize14', '$2a$10$cWKS3hAtYe5.DUK5/omw6OdBc/SeH85HDC.RPvwxeKiQwA36TASnq'),
  (43, 'Abey', 'Minchinton', 'aminchinton15', '$2a$10$cWKS3hAtYe5.DUK5/omw6OdBc/SeH85HDC.RPvwxeKiQwA36TASnq'),
  (44, 'Beatrice', 'Merkle', 'bmerkle16', '$2a$10$cWKS3hAtYe5.DUK5/omw6OdBc/SeH85HDC.RPvwxeKiQwA36TASnq'),
  (45, 'Stephana', 'Cancott', 'scancott17', '$2a$10$cWKS3hAtYe5.DUK5/omw6OdBc/SeH85HDC.RPvwxeKiQwA36TASnq'),
  (46, 'Hedi', 'Calendar', 'hcalendar18', '$2a$10$cWKS3hAtYe5.DUK5/omw6OdBc/SeH85HDC.RPvwxeKiQwA36TASnq'),
  (47, 'Warner', 'Mawer', 'wmawer19', '$2a$10$cWKS3hAtYe5.DUK5/omw6OdBc/SeH85HDC.RPvwxeKiQwA36TASnq'),
  (48, 'Libbi', 'Goulbourne', 'lgoulbourne1a', '$2a$10$cWKS3hAtYe5.DUK5/omw6OdBc/SeH85HDC.RPvwxeKiQwA36TASnq'),
  (49, 'Shamus', 'Zanardii', 'szanardii1b', '$2a$10$cWKS3hAtYe5.DUK5/omw6OdBc/SeH85HDC.RPvwxeKiQwA36TASnq'),
  (50, 'Kennan', 'Piddington', 'kpiddington1c', '$2a$10$cWKS3hAtYe5.DUK5/omw6OdBc/SeH85HDC.RPvwxeKiQwA36TASnq');

/********************* USER ROLES *********************/
INSERT INTO user_role (user_id, role_id) VALUES
  (1, 1),
  (1, 2),
  (2, 1),
  (3, 1),
  (4, 1),
  (5, 1),
  (6, 1),
  (7, 1),
  (8, 1),
  (9, 1),
  (10, 1),
  (11, 1),
  (12, 1),
  (13, 1),
  (14, 1),
  (15, 1),
  (16, 1),
  (17, 1),
  (18, 1),
  (19, 1),
  (20, 1),
  (21, 1),
  (22, 1),
  (23, 1),
  (24, 1),
  (25, 1),
  (26, 1),
  (27, 1),
  (28, 1),
  (29, 1),
  (30, 1),
  (31, 1),
  (32, 1),
  (33, 1),
  (34, 1),
  (35, 1),
  (36, 1),
  (37, 1),
  (38, 1),
  (39, 1),
  (40, 1),
  (41, 1),
  (42, 1),
  (43, 1),
  (44, 1),
  (45, 1),
  (46, 1),
  (47, 1),
  (48, 1),
  (49, 1),
  (50, 1);

/********************* NOTES *********************/
INSERT INTO note (id, user_id, title, body) VALUES
  (1, 1, 'Blandit Non', 'Proin leo odio, porttitor id, consequat in, consequat ut, nulla.'),
  (2, 1, 'Magna Ac', 'Donec quis orci eget orci vehicula condimentum. Curabitur in libero ut massa volutpat convallis.'),
  (3, 1, 'Nam Congue', 'Quisque ut erat. Curabitur gravida nisi at nibh.'),
  (4, 1, 'Justo Etiam Pretium Iaculis', 'Quisque arcu libero, rutrum ac, lobortis vel, dapibus at, diam. Nam tristique tortor eu pede.'),
  (5, 1, 'Eu Massa Donec Dapibus Duis', 'Suspendisse potenti. Nullam porttitor lacus at turpis.'),
  (6, 1, 'Neque Duis', 'Ut at dolor quis odio consequat varius.'),
  (7, 1, 'Amet Eleifend', 'Morbi a ipsum. Integer a nibh.'),
  (8, 1, 'In Blandit Ultrices Enim Lorem', 'Etiam justo. Etiam pretium iaculis justo.'),
  (9, 1, 'Risus Auctor Sed Tristique', 'Aliquam quis turpis eget elit sodales scelerisque.'),
  (10, 1, 'Nulla Mollis Molestie Lorem Quisque', 'Integer ac neque. Duis bibendum.'),
  (11, 1, 'Arcu Sed Augue Aliquam Erat', 'In tempor, turpis nec euismod scelerisque, quam turpis adipiscing lorem, vitae mattis nibh ligula nec sem.'),
  (12, 1, 'Nulla Elit', 'Maecenas rhoncus aliquam lacus.'),
  (13, 1, 'Curabitur Gravida', 'Fusce posuere felis sed lacus. Morbi sem mauris, laoreet ut, rhoncus aliquet, pulvinar sed, nisl.'),
  (14, 1, 'Vehicula Condimentum Curabitur In', 'Donec semper sapien a libero.'),
  (15, 1, 'Mauris Sit Amet Eros', 'Aliquam augue quam, sollicitudin vitae, consectetuer eget, rutrum at, lorem.'),
  (16, 1, 'Vel Pede', 'Nulla suscipit ligula in lacus.'),
  (17, 1, 'Facilisi Cras', 'Praesent blandit.'),
  (18, 1, 'Quisque Ut', 'Duis bibendum. Morbi non quam nec dui luctus rutrum.'),
  (19, 1, 'Tortor Id Nulla', 'In quis justo.'),
  (20, 1, 'Consectetuer Adipiscing', 'Nullam porttitor lacus at turpis.'),
  (21, 1, 'Justo Aliquam Quis Turpis', 'Pellentesque at nulla. Suspendisse potenti.'),
  (22, 1, 'Semper Sapien A Libero', 'Praesent blandit lacinia erat. Vestibulum sed magna at nunc commodo placerat.'),
  (23, 1, 'Ultrices Posuere Cubilia Curae', 'Vestibulum quam sapien, varius ut, blandit non, interdum in, ante.'),
  (24, 1, 'Felis Fusce Posuere Felis Sed', 'Donec diam neque, vestibulum eget, vulputate ut, ultrices vel, augue.'),
  (25, 1, 'Luctus Et', 'Vestibulum ante ipsum primis in faucibus orci luctus et ultrices posuere cubilia Curae; Mauris viverra diam vitae quam. Suspendisse potenti.'),
  (26, 1, 'Libero Nullam', 'Maecenas tincidunt lacus at velit. Vivamus vel nulla eget eros elementum pellentesque.'),
  (27, 1, 'Curae Donec', 'Aliquam sit amet diam in magna bibendum imperdiet.'),
  (28, 1, 'Pede Posuere Nonummy Integer', 'Morbi porttitor lorem id ligula.'),
  (29, 1, 'Id Massa Id', 'In tempor, turpis nec euismod scelerisque, quam turpis adipiscing lorem, vitae mattis nibh ligula nec sem.'),
  (30, 1, 'Rhoncus Mauris Enim', 'Aenean auctor gravida sem.'),
  (31, 1, 'Phasellus Sit Amet Erat Nulla', 'Fusce consequat. Nulla nisl.'),
  (32, 1, 'Sed Tincidunt Eu Felis', 'Aliquam sit amet diam in magna bibendum imperdiet. Nullam orci pede, venenatis non, sodales sed, tincidunt eu, felis.'),
  (33, 1, 'Orci Pede Venenatis', 'Sed accumsan felis.'),
  (34, 1, 'Proin Eu Mi Nulla', 'Pellentesque ultrices mattis odio. Donec vitae nisi.'),
  (35, 1, 'Donec Quis Orci Eget Orci', 'In hac habitasse platea dictumst. Maecenas ut massa quis augue luctus tincidunt.'),
  (36, 1, 'Aliquam Erat Volutpat In', 'Aliquam sit amet diam in magna bibendum imperdiet.'),
  (37, 1, 'Amet Justo Morbi', 'Ut tellus. Nulla ut erat id mauris vulputate elementum.'),
  (38, 1, 'Tempus Sit Amet Sem Fusce', 'Morbi vel lectus in quam fringilla rhoncus. Mauris enim leo, rhoncus sed, vestibulum sit amet, cursus id, turpis.'),
  (39, 1, 'Ultrices Mattis Odio', 'Praesent lectus. Vestibulum quam sapien, varius ut, blandit non, interdum in, ante.'),
  (40, 1, 'Ullamcorper Augue', 'Quisque erat eros, viverra eget, congue eget, semper rutrum, nulla. Nunc purus.'),
  (41, 1, 'Turpis Sed Ante Vivamus', 'Praesent id massa id nisl venenatis lacinia.'),
  (42, 1, 'Vivamus Metus Arcu', 'Nullam orci pede, venenatis non, sodales sed, tincidunt eu, felis.'),
  (43, 1, 'Consequat Morbi A Ipsum Integer', 'Maecenas rhoncus aliquam lacus.'),
  (44, 1, 'Sociis Natoque Penatibus Et Magnis', 'Etiam vel augue.'),
  (45, 1, 'Tortor Sollicitudin Mi', 'Donec quis orci eget orci vehicula condimentum.'),
  (46, 1, 'Amet Lobortis Sapien', 'Lorem ipsum dolor sit amet, consectetuer adipiscing elit.'),
  (47, 1, 'Platea Dictumst Maecenas', 'Nullam molestie nibh in lectus. Pellentesque at nulla.'),
  (48, 1, 'A Pede Posuere Nonummy Integer', 'Cum sociis natoque penatibus et magnis dis parturient montes, nascetur ridiculus mus. Etiam vel augue.'),
  (49, 1, 'Ornare Consequat Lectus In Est', 'Curabitur convallis. Duis consequat dui nec nisi volutpat eleifend.'),
  (50, 1, 'Dis Parturient Montes', 'Cras in purus eu magna vulputate luctus.');